,step,completion_rate_test,completion_rate_control
1,start,1.0,1.0
2,step_1,0.8445393421769943,0.7524112622998733
3,step_2,0.859745382822306,0.8492813673442963
4,step_3,0.8943465400158314,0.8969422998780984
0,confirm,0.8250174378051616,0.8327319878227534
