process_step,error_rate_control,error_rate_test
start,0.10111745925054613,0.18617416864397776
step_1,0.07765943103680734,0.08811390837804375
step_2,0.09143938808622422,0.07383265029526606
step_3,0.005703005044966001,0.0011199505676990809
confirm,0.0,0.0
