process_step,error_rate_control
start,0.10111745925054613
step_1,0.07765943103680734
step_2,0.09143938808622422
step_3,0.005703005044966001
confirm,0.0
