,step,completion_rate_test,completion_rate_control,dropoff_test,dropoff_control,dropoff_diff
1,start,1.0,1.0,0.0,0.0,0.0
2,step_1,0.8445393421769943,0.7524112622998733,0.15546065782300567,0.24758873770012668,-0.09212807987712102
3,step_2,0.859745382822306,0.8492813673442963,0.14025461717769405,0.15071863265570373,-0.01046401547800968
4,step_3,0.8943465400158314,0.8969422998780984,0.10565345998416864,0.10305770012190163,0.002595759862267011
0,confirm,0.8250174378051616,0.8327319878227534,0.17498256219483843,0.16726801217724663,0.007714550017591804
