variation,process_step,error_rate
Control,start,0.10111745925054613
Test,start,0.18617416864397776
Control,step_1,0.07765943103680734
Test,step_1,0.08811390837804375
Control,step_2,0.09143938808622422
Test,step_2,0.07383265029526606
Control,step_3,0.005703005044966001
Test,step_3,0.0011199505676990809
Control,confirm,0.0
Test,confirm,0.0
